,layer,quadrant,crop,plant_id,label,image_path
0,a,8,Rocket,19.0,prototype,imagesV2/1100/rgb_ce69a3d2-4623-47e5-b7d5-f0cd0d968495_A_2020-09-29_09-56.png
1,a,9,Rocket,19.0,prototype,imagesV2/1100/rgb_ce69a3d2-4623-47e5-b7d5-f0cd0d968495_A_2020-09-29_09-56.png
2,b,4,Rocket,19.0,layout_8,imagesV2/1114/rgb_5b23e086-1365-48a2-af39-defa77768aa5_B_2020-11-10_09-58.png
3,b,7,Rocket,19.0,layout_8,imagesV2/1114/rgb_5b23e086-1365-48a2-af39-defa77768aa5_B_2020-11-10_09-58.png
4,a,6,Basil,10.0,layout_8,imagesV2/1076/rgb_07febd91-f809-4f68-b3fc-c3c24decafdf_A_2020-09-07_14-17.png
5,a,7,Romaine,42.0,prototype,imagesV2/1059/rgb_09ef2ce0-2f99-45cf-8cb5-99550fca494f_A_2020-07-29_14-02.png
6,a,8,Romaine,42.0,prototype,imagesV2/1059/rgb_09ef2ce0-2f99-45cf-8cb5-99550fca494f_A_2020-07-29_14-02.png
7,a,9,Romaine,42.0,prototype,imagesV2/1059/rgb_09ef2ce0-2f99-45cf-8cb5-99550fca494f_A_2020-07-29_14-02.png
8,a,4,Romaine,42.0,prototype,imagesV2/1059/rgb_09ef2ce0-2f99-45cf-8cb5-99550fca494f_A_2020-07-29_14-02.png
9,a,6,Romaine,42.0,prototype,imagesV2/1059/rgb_09ef2ce0-2f99-45cf-8cb5-99550fca494f_A_2020-07-29_14-02.png
10,a,1,Romaine,42.0,prototype,imagesV2/1059/rgb_09ef2ce0-2f99-45cf-8cb5-99550fca494f_A_2020-07-29_14-02.png
11,a,2,Romaine,42.0,prototype,imagesV2/1059/rgb_09ef2ce0-2f99-45cf-8cb5-99550fca494f_A_2020-07-29_14-02.png
12,a,3,Romaine,42.0,prototype,imagesV2/1059/rgb_09ef2ce0-2f99-45cf-8cb5-99550fca494f_A_2020-07-29_14-02.png
13,b,7,Basil,10.0,prototype,imagesV2/1059/rgb_09ef2ce0-2f99-45cf-8cb5-99550fca494f_B_2020-07-31_09-59.png
14,b,8,Basil,10.0,prototype,imagesV2/1059/rgb_09ef2ce0-2f99-45cf-8cb5-99550fca494f_B_2020-07-31_09-59.png
15,b,9,Basil,10.0,prototype,imagesV2/1059/rgb_09ef2ce0-2f99-45cf-8cb5-99550fca494f_B_2020-07-31_09-59.png
16,b,4,Basil,10.0,prototype,imagesV2/1059/rgb_09ef2ce0-2f99-45cf-8cb5-99550fca494f_B_2020-07-31_09-59.png
17,b,6,Basil,10.0,prototype,imagesV2/1059/rgb_09ef2ce0-2f99-45cf-8cb5-99550fca494f_B_2020-07-31_09-59.png
18,b,1,Basil,10.0,prototype,imagesV2/1059/rgb_09ef2ce0-2f99-45cf-8cb5-99550fca494f_B_2020-07-31_09-59.png
19,b,2,Basil,10.0,prototype,imagesV2/1059/rgb_09ef2ce0-2f99-45cf-8cb5-99550fca494f_B_2020-07-31_09-59.png
20,b,3,Basil,10.0,prototype,imagesV2/1059/rgb_09ef2ce0-2f99-45cf-8cb5-99550fca494f_B_2020-07-31_09-59.png
21,a,7,Romaine,42.0,prototype,imagesV2/1052/rgb_44673b03-82e1-4d2e-9891-09b540b978bc_A_2020-07-29_14-03.png
22,a,8,Romaine,42.0,prototype,imagesV2/1052/rgb_44673b03-82e1-4d2e-9891-09b540b978bc_A_2020-07-29_14-03.png
23,a,9,Romaine,42.0,prototype,imagesV2/1052/rgb_44673b03-82e1-4d2e-9891-09b540b978bc_A_2020-07-29_14-03.png
24,a,4,Romaine,42.0,prototype,imagesV2/1052/rgb_44673b03-82e1-4d2e-9891-09b540b978bc_A_2020-07-29_14-03.png
25,a,6,Romaine,42.0,prototype,imagesV2/1052/rgb_44673b03-82e1-4d2e-9891-09b540b978bc_A_2020-07-29_14-03.png
26,a,1,Romaine,42.0,prototype,imagesV2/1052/rgb_44673b03-82e1-4d2e-9891-09b540b978bc_A_2020-07-29_14-03.png
27,a,2,Romaine,42.0,prototype,imagesV2/1052/rgb_44673b03-82e1-4d2e-9891-09b540b978bc_A_2020-07-29_14-03.png
28,a,3,Romaine,42.0,prototype,imagesV2/1052/rgb_44673b03-82e1-4d2e-9891-09b540b978bc_A_2020-07-29_14-03.png
29,b,7,Basil,10.0,prototype,imagesV2/1052/rgb_44673b03-82e1-4d2e-9891-09b540b978bc_B_2020-07-31_10-09.png
30,b,8,Basil,10.0,prototype,imagesV2/1052/rgb_44673b03-82e1-4d2e-9891-09b540b978bc_B_2020-07-31_10-09.png
31,b,9,Basil,10.0,prototype,imagesV2/1052/rgb_44673b03-82e1-4d2e-9891-09b540b978bc_B_2020-07-31_10-09.png
32,b,4,Basil,10.0,prototype,imagesV2/1052/rgb_44673b03-82e1-4d2e-9891-09b540b978bc_B_2020-07-31_10-09.png
33,b,6,Basil,10.0,prototype,imagesV2/1052/rgb_44673b03-82e1-4d2e-9891-09b540b978bc_B_2020-07-31_10-09.png
34,b,1,Basil,10.0,prototype,imagesV2/1052/rgb_44673b03-82e1-4d2e-9891-09b540b978bc_B_2020-07-31_10-09.png
35,b,2,Basil,10.0,prototype,imagesV2/1052/rgb_44673b03-82e1-4d2e-9891-09b540b978bc_B_2020-07-31_10-09.png
36,b,3,Basil,10.0,prototype,imagesV2/1052/rgb_44673b03-82e1-4d2e-9891-09b540b978bc_B_2020-07-31_10-09.png
37,a,7,Romaine,42.0,prototype,imagesV2/1058/rgb_9788f724-0b7a-47ae-8e95-2c35152e20b8_A_2020-07-29_13-25.png
38,a,8,Romaine,42.0,prototype,imagesV2/1058/rgb_9788f724-0b7a-47ae-8e95-2c35152e20b8_A_2020-07-29_13-25.png
39,a,9,Romaine,42.0,prototype,imagesV2/1058/rgb_9788f724-0b7a-47ae-8e95-2c35152e20b8_A_2020-07-29_13-25.png
40,a,4,Romaine,42.0,prototype,imagesV2/1058/rgb_9788f724-0b7a-47ae-8e95-2c35152e20b8_A_2020-07-29_13-25.png
41,a,6,Romaine,42.0,prototype,imagesV2/1058/rgb_9788f724-0b7a-47ae-8e95-2c35152e20b8_A_2020-07-29_13-25.png
42,a,1,Romaine,42.0,prototype,imagesV2/1058/rgb_9788f724-0b7a-47ae-8e95-2c35152e20b8_A_2020-07-29_13-25.png
43,a,2,Romaine,42.0,prototype,imagesV2/1058/rgb_9788f724-0b7a-47ae-8e95-2c35152e20b8_A_2020-07-29_13-25.png
44,a,3,Romaine,42.0,prototype,imagesV2/1058/rgb_9788f724-0b7a-47ae-8e95-2c35152e20b8_A_2020-07-29_13-25.png
45,b,7,Basil,10.0,prototype,imagesV2/1058/rgb_9788f724-0b7a-47ae-8e95-2c35152e20b8_B_2020-07-31_10-10.png
46,b,8,Basil,10.0,prototype,imagesV2/1058/rgb_9788f724-0b7a-47ae-8e95-2c35152e20b8_B_2020-07-31_10-10.png
47,b,9,Basil,10.0,prototype,imagesV2/1058/rgb_9788f724-0b7a-47ae-8e95-2c35152e20b8_B_2020-07-31_10-10.png
48,b,4,Basil,10.0,prototype,imagesV2/1058/rgb_9788f724-0b7a-47ae-8e95-2c35152e20b8_B_2020-07-31_10-10.png
49,b,6,Basil,10.0,prototype,imagesV2/1058/rgb_9788f724-0b7a-47ae-8e95-2c35152e20b8_B_2020-07-31_10-10.png
50,b,1,Basil,10.0,prototype,imagesV2/1058/rgb_9788f724-0b7a-47ae-8e95-2c35152e20b8_B_2020-07-31_10-10.png
51,b,2,Basil,10.0,prototype,imagesV2/1058/rgb_9788f724-0b7a-47ae-8e95-2c35152e20b8_B_2020-07-31_10-10.png
52,b,3,Basil,10.0,prototype,imagesV2/1058/rgb_9788f724-0b7a-47ae-8e95-2c35152e20b8_B_2020-07-31_10-10.png
53,a,7,Romaine,42.0,prototype,imagesV2/1057/rgb_d183f2bd-d1df-4f83-a34d-6c72601b97f2_A_2020-07-27_15-47.png
54,a,8,Romaine,42.0,prototype,imagesV2/1057/rgb_d183f2bd-d1df-4f83-a34d-6c72601b97f2_A_2020-07-27_15-47.png
55,a,9,Romaine,42.0,prototype,imagesV2/1057/rgb_d183f2bd-d1df-4f83-a34d-6c72601b97f2_A_2020-07-27_15-47.png
56,a,4,Romaine,42.0,prototype,imagesV2/1057/rgb_d183f2bd-d1df-4f83-a34d-6c72601b97f2_A_2020-07-27_15-47.png
57,a,6,Romaine,42.0,prototype,imagesV2/1057/rgb_d183f2bd-d1df-4f83-a34d-6c72601b97f2_A_2020-07-27_15-47.png
58,a,1,Romaine,42.0,prototype,imagesV2/1057/rgb_d183f2bd-d1df-4f83-a34d-6c72601b97f2_A_2020-07-27_15-47.png
59,a,2,Romaine,42.0,prototype,imagesV2/1057/rgb_d183f2bd-d1df-4f83-a34d-6c72601b97f2_A_2020-07-27_15-47.png
60,a,3,Romaine,42.0,prototype,imagesV2/1057/rgb_d183f2bd-d1df-4f83-a34d-6c72601b97f2_A_2020-07-27_15-47.png
61,b,7,Basil,10.0,prototype,imagesV2/1057/rgb_d183f2bd-d1df-4f83-a34d-6c72601b97f2_B_2020-07-31_10-10.png
62,b,8,Basil,10.0,prototype,imagesV2/1057/rgb_d183f2bd-d1df-4f83-a34d-6c72601b97f2_B_2020-07-31_10-10.png
63,b,9,Basil,10.0,prototype,imagesV2/1057/rgb_d183f2bd-d1df-4f83-a34d-6c72601b97f2_B_2020-07-31_10-10.png
64,b,4,Basil,10.0,prototype,imagesV2/1057/rgb_d183f2bd-d1df-4f83-a34d-6c72601b97f2_B_2020-07-31_10-10.png
65,b,6,Basil,10.0,prototype,imagesV2/1057/rgb_d183f2bd-d1df-4f83-a34d-6c72601b97f2_B_2020-07-31_10-10.png
66,b,1,Basil,10.0,prototype,imagesV2/1057/rgb_d183f2bd-d1df-4f83-a34d-6c72601b97f2_B_2020-07-31_10-10.png
67,b,2,Basil,10.0,prototype,imagesV2/1057/rgb_d183f2bd-d1df-4f83-a34d-6c72601b97f2_B_2020-07-31_10-10.png
68,b,3,Basil,10.0,prototype,imagesV2/1057/rgb_d183f2bd-d1df-4f83-a34d-6c72601b97f2_B_2020-07-31_10-10.png
69,a,7,Romaine,42.0,prototype,imagesV2/1056/rgb_69a5e2a3-624c-4522-b0ee-ee28846fc700_A_2020-07-29_13-58.png
70,a,8,Romaine,42.0,prototype,imagesV2/1056/rgb_69a5e2a3-624c-4522-b0ee-ee28846fc700_A_2020-07-29_13-58.png
71,a,9,Romaine,42.0,prototype,imagesV2/1056/rgb_69a5e2a3-624c-4522-b0ee-ee28846fc700_A_2020-07-29_13-58.png
72,a,4,Romaine,42.0,prototype,imagesV2/1056/rgb_69a5e2a3-624c-4522-b0ee-ee28846fc700_A_2020-07-29_13-58.png
73,a,6,Romaine,42.0,prototype,imagesV2/1056/rgb_69a5e2a3-624c-4522-b0ee-ee28846fc700_A_2020-07-29_13-58.png
74,a,1,Romaine,42.0,prototype,imagesV2/1056/rgb_69a5e2a3-624c-4522-b0ee-ee28846fc700_A_2020-07-29_13-58.png
75,a,2,Romaine,42.0,prototype,imagesV2/1056/rgb_69a5e2a3-624c-4522-b0ee-ee28846fc700_A_2020-07-29_13-58.png
76,a,3,Romaine,42.0,prototype,imagesV2/1056/rgb_69a5e2a3-624c-4522-b0ee-ee28846fc700_A_2020-07-29_13-58.png
77,b,7,Basil,10.0,prototype,imagesV2/1056/rgb_69a5e2a3-624c-4522-b0ee-ee28846fc700_B_2020-07-31_10-08.png
78,b,8,Basil,10.0,prototype,imagesV2/1056/rgb_69a5e2a3-624c-4522-b0ee-ee28846fc700_B_2020-07-31_10-08.png
79,b,9,Basil,10.0,prototype,imagesV2/1056/rgb_69a5e2a3-624c-4522-b0ee-ee28846fc700_B_2020-07-31_10-08.png
80,b,4,Basil,10.0,prototype,imagesV2/1056/rgb_69a5e2a3-624c-4522-b0ee-ee28846fc700_B_2020-07-31_10-08.png
81,b,6,Basil,10.0,prototype,imagesV2/1056/rgb_69a5e2a3-624c-4522-b0ee-ee28846fc700_B_2020-07-31_10-08.png
82,b,1,Basil,10.0,prototype,imagesV2/1056/rgb_69a5e2a3-624c-4522-b0ee-ee28846fc700_B_2020-07-31_10-08.png
83,b,2,Basil,10.0,prototype,imagesV2/1056/rgb_69a5e2a3-624c-4522-b0ee-ee28846fc700_B_2020-07-31_10-08.png
84,b,3,Basil,10.0,prototype,imagesV2/1056/rgb_69a5e2a3-624c-4522-b0ee-ee28846fc700_B_2020-07-31_10-08.png
85,a,7,Romaine,42.0,prototype,imagesV2/1055/rgb_41851714-00f5-421e-af97-ff5d7f38a3b2_A_2020-07-29_13-59.png
86,a,8,Romaine,42.0,prototype,imagesV2/1055/rgb_41851714-00f5-421e-af97-ff5d7f38a3b2_A_2020-07-29_13-59.png
87,a,9,Romaine,42.0,prototype,imagesV2/1055/rgb_41851714-00f5-421e-af97-ff5d7f38a3b2_A_2020-07-29_13-59.png
88,a,4,Romaine,42.0,prototype,imagesV2/1055/rgb_41851714-00f5-421e-af97-ff5d7f38a3b2_A_2020-07-29_13-59.png
89,a,6,Romaine,42.0,prototype,imagesV2/1055/rgb_41851714-00f5-421e-af97-ff5d7f38a3b2_A_2020-07-29_13-59.png
90,a,1,Romaine,42.0,prototype,imagesV2/1055/rgb_41851714-00f5-421e-af97-ff5d7f38a3b2_A_2020-07-29_13-59.png
91,a,2,Romaine,42.0,prototype,imagesV2/1055/rgb_41851714-00f5-421e-af97-ff5d7f38a3b2_A_2020-07-29_13-59.png
92,a,3,Romaine,42.0,prototype,imagesV2/1055/rgb_41851714-00f5-421e-af97-ff5d7f38a3b2_A_2020-07-29_13-59.png
93,b,7,Basil,10.0,prototype,imagesV2/1055/rgb_41851714-00f5-421e-af97-ff5d7f38a3b2_B_2020-07-31_10-08.png
94,b,8,Basil,10.0,prototype,imagesV2/1055/rgb_41851714-00f5-421e-af97-ff5d7f38a3b2_B_2020-07-31_10-08.png
95,b,9,Basil,10.0,prototype,imagesV2/1055/rgb_41851714-00f5-421e-af97-ff5d7f38a3b2_B_2020-07-31_10-08.png
96,b,4,Basil,10.0,prototype,imagesV2/1055/rgb_41851714-00f5-421e-af97-ff5d7f38a3b2_B_2020-07-31_10-08.png
97,b,6,Basil,10.0,prototype,imagesV2/1055/rgb_41851714-00f5-421e-af97-ff5d7f38a3b2_B_2020-07-31_10-08.png
98,b,1,Basil,10.0,prototype,imagesV2/1055/rgb_41851714-00f5-421e-af97-ff5d7f38a3b2_B_2020-07-31_10-08.png
99,b,2,Basil,10.0,prototype,imagesV2/1055/rgb_41851714-00f5-421e-af97-ff5d7f38a3b2_B_2020-07-31_10-08.png
100,b,3,Basil,10.0,prototype,imagesV2/1055/rgb_41851714-00f5-421e-af97-ff5d7f38a3b2_B_2020-07-31_10-08.png
101,a,7,Romaine,42.0,prototype,imagesV2/1053/rgb_820b0870-b586-45b8-9a1e-fdd41a842f5d_A_2020-07-29_14-00.png
102,a,8,Romaine,42.0,prototype,imagesV2/1053/rgb_820b0870-b586-45b8-9a1e-fdd41a842f5d_A_2020-07-29_14-00.png
103,a,9,Romaine,42.0,prototype,imagesV2/1053/rgb_820b0870-b586-45b8-9a1e-fdd41a842f5d_A_2020-07-29_14-00.png
104,a,4,Romaine,42.0,prototype,imagesV2/1053/rgb_820b0870-b586-45b8-9a1e-fdd41a842f5d_A_2020-07-29_14-00.png
105,a,6,Romaine,42.0,prototype,imagesV2/1053/rgb_820b0870-b586-45b8-9a1e-fdd41a842f5d_A_2020-07-29_14-00.png
106,a,1,Romaine,42.0,prototype,imagesV2/1053/rgb_820b0870-b586-45b8-9a1e-fdd41a842f5d_A_2020-07-29_14-00.png
107,a,2,Romaine,42.0,prototype,imagesV2/1053/rgb_820b0870-b586-45b8-9a1e-fdd41a842f5d_A_2020-07-29_14-00.png
108,a,3,Romaine,42.0,prototype,imagesV2/1053/rgb_820b0870-b586-45b8-9a1e-fdd41a842f5d_A_2020-07-29_14-00.png
109,b,7,Basil,10.0,prototype,imagesV2/1053/rgb_820b0870-b586-45b8-9a1e-fdd41a842f5d_B_2020-07-31_10-06.png
110,b,8,Basil,10.0,prototype,imagesV2/1053/rgb_820b0870-b586-45b8-9a1e-fdd41a842f5d_B_2020-07-31_10-06.png
111,b,9,Basil,10.0,prototype,imagesV2/1053/rgb_820b0870-b586-45b8-9a1e-fdd41a842f5d_B_2020-07-31_10-06.png
112,b,4,Basil,10.0,prototype,imagesV2/1053/rgb_820b0870-b586-45b8-9a1e-fdd41a842f5d_B_2020-07-31_10-06.png
113,b,6,Basil,10.0,prototype,imagesV2/1053/rgb_820b0870-b586-45b8-9a1e-fdd41a842f5d_B_2020-07-31_10-06.png
114,b,1,Basil,10.0,prototype,imagesV2/1053/rgb_820b0870-b586-45b8-9a1e-fdd41a842f5d_B_2020-07-31_10-06.png
115,b,2,Basil,10.0,prototype,imagesV2/1053/rgb_820b0870-b586-45b8-9a1e-fdd41a842f5d_B_2020-07-31_10-06.png
116,b,3,Basil,10.0,prototype,imagesV2/1053/rgb_820b0870-b586-45b8-9a1e-fdd41a842f5d_B_2020-07-31_10-06.png
117,a,7,Romaine,42.0,prototype,imagesV2/1054/rgb_13edab5c-8ccf-44a6-9be8-c8492fd6abd1_A_2020-08-03_09-44.png
118,a,8,Romaine,42.0,prototype,imagesV2/1054/rgb_13edab5c-8ccf-44a6-9be8-c8492fd6abd1_A_2020-08-03_09-44.png
119,a,9,Romaine,42.0,prototype,imagesV2/1054/rgb_13edab5c-8ccf-44a6-9be8-c8492fd6abd1_A_2020-08-03_09-44.png
120,a,4,Romaine,42.0,prototype,imagesV2/1054/rgb_13edab5c-8ccf-44a6-9be8-c8492fd6abd1_A_2020-08-03_09-44.png
121,a,6,Romaine,42.0,prototype,imagesV2/1054/rgb_13edab5c-8ccf-44a6-9be8-c8492fd6abd1_A_2020-08-03_09-44.png
122,a,1,Romaine,42.0,prototype,imagesV2/1054/rgb_13edab5c-8ccf-44a6-9be8-c8492fd6abd1_A_2020-08-03_09-44.png
123,a,2,Romaine,42.0,prototype,imagesV2/1054/rgb_13edab5c-8ccf-44a6-9be8-c8492fd6abd1_A_2020-08-03_09-44.png
124,a,3,Romaine,42.0,prototype,imagesV2/1054/rgb_13edab5c-8ccf-44a6-9be8-c8492fd6abd1_A_2020-08-03_09-44.png
125,b,7,Basil,10.0,prototype,imagesV2/1054/rgb_13edab5c-8ccf-44a6-9be8-c8492fd6abd1_B_2020-07-31_10-11.png
126,b,8,Basil,10.0,prototype,imagesV2/1054/rgb_13edab5c-8ccf-44a6-9be8-c8492fd6abd1_B_2020-07-31_10-11.png
127,b,9,Basil,10.0,prototype,imagesV2/1054/rgb_13edab5c-8ccf-44a6-9be8-c8492fd6abd1_B_2020-07-31_10-11.png
128,b,4,Basil,10.0,prototype,imagesV2/1054/rgb_13edab5c-8ccf-44a6-9be8-c8492fd6abd1_B_2020-07-31_10-11.png
129,b,6,Basil,10.0,prototype,imagesV2/1054/rgb_13edab5c-8ccf-44a6-9be8-c8492fd6abd1_B_2020-07-31_10-11.png
130,b,1,Basil,10.0,prototype,imagesV2/1054/rgb_13edab5c-8ccf-44a6-9be8-c8492fd6abd1_B_2020-07-31_10-11.png
131,b,2,Basil,10.0,prototype,imagesV2/1054/rgb_13edab5c-8ccf-44a6-9be8-c8492fd6abd1_B_2020-07-31_10-11.png
132,b,3,Basil,10.0,prototype,imagesV2/1054/rgb_13edab5c-8ccf-44a6-9be8-c8492fd6abd1_B_2020-07-31_10-11.png
133,a,2,Rocket,19.0,prototype,imagesV2/1082/rgb_f598f96e-b0f4-4009-85e1-e621e8306c36_A_2020-08-24_10-08.png
134,a,3,Romaine,42.0,prototype,imagesV2/1082/rgb_f598f96e-b0f4-4009-85e1-e621e8306c36_A_2020-08-31_14-13.png
135,a,7,Rocket,19.0,prototype,imagesV2/1082/rgb_f598f96e-b0f4-4009-85e1-e621e8306c36_A_2020-08-24_10-08.png
136,a,8,Romaine,42.0,prototype,imagesV2/1082/rgb_f598f96e-b0f4-4009-85e1-e621e8306c36_A_2020-08-31_14-13.png
137,a,2,Basil,10.0,prototype,imagesV2/1082/rgb_f598f96e-b0f4-4009-85e1-e621e8306c36_A_2020-09-22_09-37.png
138,a,7,Basil,10.0,prototype,imagesV2/1082/rgb_f598f96e-b0f4-4009-85e1-e621e8306c36_A_2020-09-22_09-37.png
139,a,3,Rocket,19.0,prototype,imagesV2/1082/rgb_f598f96e-b0f4-4009-85e1-e621e8306c36_A_2020-09-22_09-37.png
140,a,8,Rocket,19.0,prototype,imagesV2/1082/rgb_f598f96e-b0f4-4009-85e1-e621e8306c36_A_2020-09-22_09-37.png
141,a,1,Romaine,42.0,prototype,imagesV2/1082/rgb_f598f96e-b0f4-4009-85e1-e621e8306c36_A_2020-10-06_09-44.png
142,a,6,Romaine,42.0,prototype,imagesV2/1082/rgb_f598f96e-b0f4-4009-85e1-e621e8306c36_A_2020-10-06_09-44.png
143,a,2,Basil,10.0,prototype,imagesV2/1082/rgb_f598f96e-b0f4-4009-85e1-e621e8306c36_A_2020-10-23_10-08.png
144,a,7,Basil,10.0,prototype,imagesV2/1082/rgb_f598f96e-b0f4-4009-85e1-e621e8306c36_A_2020-10-23_10-08.png
145,a,1,Rocket,19.0,prototype,imagesV2/1082/rgb_f598f96e-b0f4-4009-85e1-e621e8306c36_A_2020-10-26_14-08.png
146,a,6,Rocket,19.0,prototype,imagesV2/1082/rgb_f598f96e-b0f4-4009-85e1-e621e8306c36_A_2020-10-26_14-08.png
147,b,2,Rocket,19.0,prototype,imagesV2/1082/rgb_f598f96e-b0f4-4009-85e1-e621e8306c36_B_2020-08-24_10-08.png
148,b,3,Romaine,42.0,prototype,imagesV2/1082/rgb_f598f96e-b0f4-4009-85e1-e621e8306c36_B_2020-08-31_14-13.png
149,b,7,Rocket,19.0,prototype,imagesV2/1082/rgb_f598f96e-b0f4-4009-85e1-e621e8306c36_B_2020-08-24_10-08.png
150,b,8,Romaine,42.0,prototype,imagesV2/1082/rgb_f598f96e-b0f4-4009-85e1-e621e8306c36_B_2020-08-31_14-13.png
151,b,2,Basil,10.0,prototype,imagesV2/1082/rgb_f598f96e-b0f4-4009-85e1-e621e8306c36_B_2020-09-22_09-37.png
152,b,7,Basil,10.0,prototype,imagesV2/1082/rgb_f598f96e-b0f4-4009-85e1-e621e8306c36_B_2020-09-22_09-37.png
153,b,3,Rocket,19.0,prototype,imagesV2/1082/rgb_f598f96e-b0f4-4009-85e1-e621e8306c36_B_2020-09-22_09-37.png
154,b,8,Rocket,19.0,prototype,imagesV2/1082/rgb_f598f96e-b0f4-4009-85e1-e621e8306c36_B_2020-09-22_09-37.png
155,b,1,Romaine,42.0,prototype,imagesV2/1082/rgb_f598f96e-b0f4-4009-85e1-e621e8306c36_B_2020-10-06_09-45.png
156,b,6,Romaine,42.0,prototype,imagesV2/1082/rgb_f598f96e-b0f4-4009-85e1-e621e8306c36_B_2020-10-06_09-45.png
157,b,1,Rocket,19.0,prototype,imagesV2/1082/rgb_f598f96e-b0f4-4009-85e1-e621e8306c36_B_2020-10-26_14-08.png
158,b,6,Rocket,19.0,prototype,imagesV2/1082/rgb_f598f96e-b0f4-4009-85e1-e621e8306c36_B_2020-10-26_14-08.png
159,a,9,Romaine,42.0,prototype,imagesV2/1081/rgb_9788f724-0b7a-47ae-8e95-2c35152e20b8_A_2020-08-31_14-12.png
160,a,6,Basil,10.0,prototype,imagesV2/1081/rgb_9788f724-0b7a-47ae-8e95-2c35152e20b8_A_2020-09-03_09-14.png
161,a,4,Romaine,42.0,prototype,imagesV2/1081/rgb_9788f724-0b7a-47ae-8e95-2c35152e20b8_A_2020-08-31_14-12.png
162,a,1,Basil,10.0,prototype,imagesV2/1081/rgb_9788f724-0b7a-47ae-8e95-2c35152e20b8_A_2020-09-03_09-14.png
163,a,7,Rocket,19.0,prototype,imagesV2/1081/rgb_9788f724-0b7a-47ae-8e95-2c35152e20b8_A_2020-09-16_10-21.png
164,a,2,Rocket,19.0,prototype,imagesV2/1081/rgb_9788f724-0b7a-47ae-8e95-2c35152e20b8_A_2020-09-16_10-21.png
165,a,2,Romaine,42.0,prototype,imagesV2/1081/rgb_9788f724-0b7a-47ae-8e95-2c35152e20b8_A_2020-10-12_10-30.png
166,a,7,Romaine,42.0,prototype,imagesV2/1081/rgb_9788f724-0b7a-47ae-8e95-2c35152e20b8_A_2020-10-12_10-30.png
167,a,4,Basil,10.0,prototype,imagesV2/1081/rgb_9788f724-0b7a-47ae-8e95-2c35152e20b8_A_2020-09-30_10-03.png
168,a,9,Basil,10.0,prototype,imagesV2/1081/rgb_9788f724-0b7a-47ae-8e95-2c35152e20b8_A_2020-09-30_10-03.png
169,a,1,Rocket,19.0,prototype,imagesV2/1081/rgb_9788f724-0b7a-47ae-8e95-2c35152e20b8_A_2020-10-21_10-29.png
170,a,6,Rocket,19.0,prototype,imagesV2/1081/rgb_9788f724-0b7a-47ae-8e95-2c35152e20b8_A_2020-10-21_10-29.png
171,a,4,Basil,10.0,prototype,imagesV2/1081/rgb_9788f724-0b7a-47ae-8e95-2c35152e20b8_A_2020-10-29_13-23.png
172,a,9,Basil,10.0,prototype,imagesV2/1081/rgb_9788f724-0b7a-47ae-8e95-2c35152e20b8_A_2020-10-29_13-23.png
173,b,9,Romaine,42.0,prototype,imagesV2/1081/rgb_9788f724-0b7a-47ae-8e95-2c35152e20b8_B_2020-08-31_14-12.png
174,b,6,Basil,10.0,prototype,imagesV2/1081/rgb_9788f724-0b7a-47ae-8e95-2c35152e20b8_B_2020-09-03_09-14.png
175,b,4,Romaine,42.0,prototype,imagesV2/1081/rgb_9788f724-0b7a-47ae-8e95-2c35152e20b8_B_2020-08-31_14-12.png
176,b,1,Basil,10.0,prototype,imagesV2/1081/rgb_9788f724-0b7a-47ae-8e95-2c35152e20b8_B_2020-09-03_09-14.png
177,b,7,Rocket,19.0,prototype,imagesV2/1081/rgb_9788f724-0b7a-47ae-8e95-2c35152e20b8_B_2020-09-16_10-22.png
178,b,2,Rocket,19.0,prototype,imagesV2/1081/rgb_9788f724-0b7a-47ae-8e95-2c35152e20b8_B_2020-09-16_10-22.png
179,b,2,Romaine,42.0,prototype,imagesV2/1081/rgb_9788f724-0b7a-47ae-8e95-2c35152e20b8_B_2020-10-12_10-31.png
180,b,7,Romaine,42.0,prototype,imagesV2/1081/rgb_9788f724-0b7a-47ae-8e95-2c35152e20b8_B_2020-10-12_10-31.png
181,b,4,Basil,10.0,prototype,imagesV2/1081/rgb_9788f724-0b7a-47ae-8e95-2c35152e20b8_B_2020-09-30_10-03.png
182,b,9,Basil,10.0,prototype,imagesV2/1081/rgb_9788f724-0b7a-47ae-8e95-2c35152e20b8_B_2020-09-30_10-03.png
183,b,1,Rocket,19.0,prototype,imagesV2/1081/rgb_9788f724-0b7a-47ae-8e95-2c35152e20b8_B_2020-10-21_10-28.png
184,b,6,Rocket,19.0,prototype,imagesV2/1081/rgb_9788f724-0b7a-47ae-8e95-2c35152e20b8_B_2020-10-21_10-28.png
185,b,4,Basil,10.0,prototype,imagesV2/1081/rgb_9788f724-0b7a-47ae-8e95-2c35152e20b8_B_2020-10-29_13-23.png
186,b,9,Basil,10.0,prototype,imagesV2/1081/rgb_9788f724-0b7a-47ae-8e95-2c35152e20b8_B_2020-10-29_13-23.png
187,a,2,Rocket,19.0,prototype,imagesV2/1080/rgb_d183f2bd-d1df-4f83-a34d-6c72601b97f2_A_2020-08-26_14-02.png
188,a,3,Romaine,42.0,prototype,imagesV2/1080/rgb_d183f2bd-d1df-4f83-a34d-6c72601b97f2_A_2020-08-31_14-10.png
189,a,7,Rocket,19.0,prototype,imagesV2/1080/rgb_d183f2bd-d1df-4f83-a34d-6c72601b97f2_A_2020-08-26_14-02.png
190,a,8,Romaine,42.0,prototype,imagesV2/1080/rgb_d183f2bd-d1df-4f83-a34d-6c72601b97f2_A_2020-08-31_14-10.png
191,a,2,Basil,10.0,prototype,imagesV2/1080/rgb_d183f2bd-d1df-4f83-a34d-6c72601b97f2_A_2020-09-22_09-36.png
192,a,7,Basil,10.0,prototype,imagesV2/1080/rgb_d183f2bd-d1df-4f83-a34d-6c72601b97f2_A_2020-09-22_09-36.png
193,a,3,Rocket,19.0,prototype,imagesV2/1080/rgb_d183f2bd-d1df-4f83-a34d-6c72601b97f2_A_2020-09-22_09-36.png
194,a,8,Rocket,19.0,prototype,imagesV2/1080/rgb_d183f2bd-d1df-4f83-a34d-6c72601b97f2_A_2020-09-22_09-36.png
195,a,1,Romaine,42.0,prototype,imagesV2/1080/rgb_d183f2bd-d1df-4f83-a34d-6c72601b97f2_A_2020-10-06_09-43.png
196,a,6,Romaine,42.0,prototype,imagesV2/1080/rgb_d183f2bd-d1df-4f83-a34d-6c72601b97f2_A_2020-10-06_09-43.png
197,a,1,Rocket,19.0,prototype,imagesV2/1080/rgb_d183f2bd-d1df-4f83-a34d-6c72601b97f2_A_2020-10-26_14-07.png
198,a,6,Rocket,19.0,prototype,imagesV2/1080/rgb_d183f2bd-d1df-4f83-a34d-6c72601b97f2_A_2020-10-26_14-07.png
199,b,2,Rocket,19.0,prototype,imagesV2/1080/rgb_d183f2bd-d1df-4f83-a34d-6c72601b97f2_B_2020-08-26_14-02.png
200,b,3,Romaine,42.0,prototype,imagesV2/1080/rgb_d183f2bd-d1df-4f83-a34d-6c72601b97f2_B_2020-08-31_14-11.png
201,b,7,Rocket,19.0,prototype,imagesV2/1080/rgb_d183f2bd-d1df-4f83-a34d-6c72601b97f2_B_2020-08-26_14-02.png
202,b,8,Romaine,42.0,prototype,imagesV2/1080/rgb_d183f2bd-d1df-4f83-a34d-6c72601b97f2_B_2020-08-31_14-11.png
203,b,2,Basil,10.0,prototype,imagesV2/1080/rgb_d183f2bd-d1df-4f83-a34d-6c72601b97f2_B_2020-09-22_09-36.png
204,b,7,Basil,10.0,prototype,imagesV2/1080/rgb_d183f2bd-d1df-4f83-a34d-6c72601b97f2_B_2020-09-22_09-36.png
205,b,3,Rocket,19.0,prototype,imagesV2/1080/rgb_d183f2bd-d1df-4f83-a34d-6c72601b97f2_B_2020-09-22_09-36.png
206,b,8,Rocket,19.0,prototype,imagesV2/1080/rgb_d183f2bd-d1df-4f83-a34d-6c72601b97f2_B_2020-09-22_09-36.png
207,b,1,Romaine,42.0,prototype,imagesV2/1080/rgb_d183f2bd-d1df-4f83-a34d-6c72601b97f2_B_2020-10-06_09-43.png
208,b,6,Romaine,42.0,prototype,imagesV2/1080/rgb_d183f2bd-d1df-4f83-a34d-6c72601b97f2_B_2020-10-06_09-43.png
209,b,1,Rocket,19.0,prototype,imagesV2/1080/rgb_d183f2bd-d1df-4f83-a34d-6c72601b97f2_B_2020-10-26_14-06.png
210,b,6,Rocket,19.0,prototype,imagesV2/1080/rgb_d183f2bd-d1df-4f83-a34d-6c72601b97f2_B_2020-10-26_14-06.png
211,a,9,Romaine,42.0,prototype,imagesV2/1079/rgb_69a5e2a3-624c-4522-b0ee-ee28846fc700_A_2020-08-31_14-09.png
212,a,6,Basil,10.0,prototype,imagesV2/1079/rgb_69a5e2a3-624c-4522-b0ee-ee28846fc700_A_2020-09-03_09-18.png
213,a,4,Romaine,42.0,prototype,imagesV2/1079/rgb_69a5e2a3-624c-4522-b0ee-ee28846fc700_A_2020-08-31_14-09.png
214,a,1,Basil,10.0,prototype,imagesV2/1079/rgb_69a5e2a3-624c-4522-b0ee-ee28846fc700_A_2020-09-03_09-18.png
215,a,7,Rocket,19.0,prototype,imagesV2/1079/rgb_69a5e2a3-624c-4522-b0ee-ee28846fc700_A_2020-09-16_10-19.png
216,a,2,Rocket,19.0,prototype,imagesV2/1079/rgb_69a5e2a3-624c-4522-b0ee-ee28846fc700_A_2020-09-16_10-19.png
217,a,2,Romaine,42.0,prototype,imagesV2/1079/rgb_69a5e2a3-624c-4522-b0ee-ee28846fc700_A_2020-10-12_10-27.png
218,a,7,Romaine,42.0,prototype,imagesV2/1079/rgb_69a5e2a3-624c-4522-b0ee-ee28846fc700_A_2020-10-12_10-27.png
219,a,9,Basil,10.0,prototype,imagesV2/1079/rgb_69a5e2a3-624c-4522-b0ee-ee28846fc700_A_2020-09-30_10-00.png
220,a,4,Basil,10.0,prototype,imagesV2/1079/rgb_69a5e2a3-624c-4522-b0ee-ee28846fc700_A_2020-09-30_10-00.png
221,a,1,Rocket,19.0,prototype,imagesV2/1079/rgb_69a5e2a3-624c-4522-b0ee-ee28846fc700_A_2020-10-21_10-26.png
222,a,6,Rocket,19.0,prototype,imagesV2/1079/rgb_69a5e2a3-624c-4522-b0ee-ee28846fc700_A_2020-10-21_10-26.png
223,a,4,Basil,10.0,prototype,imagesV2/1079/rgb_69a5e2a3-624c-4522-b0ee-ee28846fc700_A_2020-10-28_09-40.png
224,a,9,Basil,10.0,prototype,imagesV2/1079/rgb_69a5e2a3-624c-4522-b0ee-ee28846fc700_A_2020-10-28_09-40.png
225,b,9,Romaine,42.0,prototype,imagesV2/1079/rgb_69a5e2a3-624c-4522-b0ee-ee28846fc700_B_2020-08-31_14-09.png
226,b,6,Basil,10.0,prototype,imagesV2/1079/rgb_69a5e2a3-624c-4522-b0ee-ee28846fc700_B_2020-09-03_09-18.png
227,b,4,Romaine,42.0,prototype,imagesV2/1079/rgb_69a5e2a3-624c-4522-b0ee-ee28846fc700_B_2020-08-31_14-09.png
228,b,1,Basil,10.0,prototype,imagesV2/1079/rgb_69a5e2a3-624c-4522-b0ee-ee28846fc700_B_2020-09-03_09-18.png
229,b,7,Rocket,19.0,prototype,imagesV2/1079/rgb_69a5e2a3-624c-4522-b0ee-ee28846fc700_B_2020-09-16_10-19.png
230,b,2,Rocket,19.0,prototype,imagesV2/1079/rgb_69a5e2a3-624c-4522-b0ee-ee28846fc700_B_2020-09-16_10-19.png
231,b,2,Romaine,42.0,prototype,imagesV2/1079/rgb_69a5e2a3-624c-4522-b0ee-ee28846fc700_B_2020-10-12_10-28.png
232,b,7,Romaine,42.0,prototype,imagesV2/1079/rgb_69a5e2a3-624c-4522-b0ee-ee28846fc700_B_2020-10-12_10-28.png
233,b,9,Basil,10.0,prototype,imagesV2/1079/rgb_69a5e2a3-624c-4522-b0ee-ee28846fc700_B_2020-09-30_10-01.png
234,b,4,Basil,10.0,prototype,imagesV2/1079/rgb_69a5e2a3-624c-4522-b0ee-ee28846fc700_B_2020-09-30_10-01.png
235,b,1,Rocket,19.0,prototype,imagesV2/1079/rgb_69a5e2a3-624c-4522-b0ee-ee28846fc700_B_2020-10-21_10-27.png
236,b,6,Rocket,19.0,prototype,imagesV2/1079/rgb_69a5e2a3-624c-4522-b0ee-ee28846fc700_B_2020-10-21_10-27.png
237,b,4,Basil,10.0,prototype,imagesV2/1079/rgb_69a5e2a3-624c-4522-b0ee-ee28846fc700_B_2020-10-29_13-22.png
238,b,9,Basil,10.0,prototype,imagesV2/1079/rgb_69a5e2a3-624c-4522-b0ee-ee28846fc700_B_2020-10-29_13-22.png
239,a,2,Rocket,19.0,prototype,imagesV2/1078/rgb_41851714-00f5-421e-af97-ff5d7f38a3b2_A_2020-08-26_14-05.png
240,a,3,Romaine,42.0,prototype,imagesV2/1078/rgb_41851714-00f5-421e-af97-ff5d7f38a3b2_A_2020-08-31_14-08.png
241,a,7,Rocket,19.0,prototype,imagesV2/1078/rgb_41851714-00f5-421e-af97-ff5d7f38a3b2_A_2020-08-26_14-05.png
242,a,8,Romaine,42.0,prototype,imagesV2/1078/rgb_41851714-00f5-421e-af97-ff5d7f38a3b2_A_2020-08-31_14-08.png
243,a,2,Basil,10.0,prototype,imagesV2/1078/rgb_41851714-00f5-421e-af97-ff5d7f38a3b2_A_2020-09-22_09-35.png
244,a,7,Basil,10.0,prototype,imagesV2/1078/rgb_41851714-00f5-421e-af97-ff5d7f38a3b2_A_2020-09-22_09-35.png
245,a,3,Rocket,19.0,prototype,imagesV2/1078/rgb_41851714-00f5-421e-af97-ff5d7f38a3b2_A_2020-09-22_09-35.png
246,a,8,Rocket,19.0,prototype,imagesV2/1078/rgb_41851714-00f5-421e-af97-ff5d7f38a3b2_A_2020-09-22_09-35.png
247,a,1,Romaine,42.0,prototype,imagesV2/1078/rgb_41851714-00f5-421e-af97-ff5d7f38a3b2_A_2020-10-06_09-41.png
248,a,6,Romaine,42.0,prototype,imagesV2/1078/rgb_41851714-00f5-421e-af97-ff5d7f38a3b2_A_2020-10-06_09-41.png
249,b,2,Rocket,19.0,prototype,imagesV2/1078/rgb_41851714-00f5-421e-af97-ff5d7f38a3b2_B_2020-08-26_14-04.png
250,b,3,Romaine,42.0,prototype,imagesV2/1078/rgb_41851714-00f5-421e-af97-ff5d7f38a3b2_B_2020-08-31_14-08.png
251,b,7,Rocket,19.0,prototype,imagesV2/1078/rgb_41851714-00f5-421e-af97-ff5d7f38a3b2_B_2020-08-26_14-04.png
252,b,8,Romaine,42.0,prototype,imagesV2/1078/rgb_41851714-00f5-421e-af97-ff5d7f38a3b2_B_2020-08-31_14-08.png
253,b,2,Basil,10.0,prototype,imagesV2/1078/rgb_41851714-00f5-421e-af97-ff5d7f38a3b2_B_2020-09-22_09-35.png
254,b,7,Basil,10.0,prototype,imagesV2/1078/rgb_41851714-00f5-421e-af97-ff5d7f38a3b2_B_2020-09-22_09-35.png
255,b,3,Rocket,19.0,prototype,imagesV2/1078/rgb_41851714-00f5-421e-af97-ff5d7f38a3b2_B_2020-09-22_09-35.png
256,b,8,Rocket,19.0,prototype,imagesV2/1078/rgb_41851714-00f5-421e-af97-ff5d7f38a3b2_B_2020-09-22_09-35.png
257,b,1,Romaine,42.0,prototype,imagesV2/1078/rgb_41851714-00f5-421e-af97-ff5d7f38a3b2_B_2020-10-06_09-42.png
258,b,6,Romaine,42.0,prototype,imagesV2/1078/rgb_41851714-00f5-421e-af97-ff5d7f38a3b2_B_2020-10-06_09-42.png
259,a,9,Romaine,42.0,prototype,imagesV2/1077/rgb_820b0870-b586-45b8-9a1e-fdd41a842f5d_A_2020-08-31_14-07.png
260,a,4,Romaine,42.0,prototype,imagesV2/1077/rgb_820b0870-b586-45b8-9a1e-fdd41a842f5d_A_2020-08-31_14-07.png
261,a,7,Rocket,19.0,prototype,imagesV2/1077/rgb_820b0870-b586-45b8-9a1e-fdd41a842f5d_A_2020-09-16_10-17.png
262,a,2,Rocket,19.0,prototype,imagesV2/1077/rgb_820b0870-b586-45b8-9a1e-fdd41a842f5d_A_2020-09-16_10-17.png
263,a,2,Romaine,42.0,prototype,imagesV2/1077/rgb_820b0870-b586-45b8-9a1e-fdd41a842f5d_A_2020-10-12_10-22.png
264,a,7,Romaine,42.0,prototype,imagesV2/1077/rgb_820b0870-b586-45b8-9a1e-fdd41a842f5d_A_2020-10-12_10-22.png
265,a,9,Basil,10.0,prototype,imagesV2/1077/rgb_820b0870-b586-45b8-9a1e-fdd41a842f5d_A_2020-09-30_09-57.png
266,a,4,Basil,10.0,prototype,imagesV2/1077/rgb_820b0870-b586-45b8-9a1e-fdd41a842f5d_A_2020-09-30_09-57.png
267,a,1,Rocket,19.0,prototype,imagesV2/1077/rgb_820b0870-b586-45b8-9a1e-fdd41a842f5d_A_2020-10-21_10-24.png
268,a,6,Rocket,19.0,prototype,imagesV2/1077/rgb_820b0870-b586-45b8-9a1e-fdd41a842f5d_A_2020-10-21_10-24.png
269,a,4,Basil,10.0,prototype,imagesV2/1077/rgb_820b0870-b586-45b8-9a1e-fdd41a842f5d_A_2020-10-29_13-20.png
270,a,9,Basil,10.0,prototype,imagesV2/1077/rgb_820b0870-b586-45b8-9a1e-fdd41a842f5d_A_2020-10-29_13-20.png
271,b,9,Romaine,42.0,prototype,imagesV2/1077/rgb_820b0870-b586-45b8-9a1e-fdd41a842f5d_B_2020-08-31_14-07.png
272,b,4,Romaine,42.0,prototype,imagesV2/1077/rgb_820b0870-b586-45b8-9a1e-fdd41a842f5d_B_2020-08-31_14-07.png
273,b,7,Rocket,19.0,prototype,imagesV2/1077/rgb_820b0870-b586-45b8-9a1e-fdd41a842f5d_B_2020-09-16_10-17.png
274,b,2,Rocket,19.0,prototype,imagesV2/1077/rgb_820b0870-b586-45b8-9a1e-fdd41a842f5d_B_2020-09-16_10-17.png
275,b,2,Romaine,42.0,prototype,imagesV2/1077/rgb_820b0870-b586-45b8-9a1e-fdd41a842f5d_B_2020-10-12_10-24.png
276,b,7,Romaine,42.0,prototype,imagesV2/1077/rgb_820b0870-b586-45b8-9a1e-fdd41a842f5d_B_2020-10-12_10-24.png
277,b,9,Basil,10.0,prototype,imagesV2/1077/rgb_820b0870-b586-45b8-9a1e-fdd41a842f5d_B_2020-09-30_09-58.png
278,b,4,Basil,10.0,prototype,imagesV2/1077/rgb_820b0870-b586-45b8-9a1e-fdd41a842f5d_B_2020-09-30_09-58.png
279,b,1,Rocket,19.0,prototype,imagesV2/1077/rgb_820b0870-b586-45b8-9a1e-fdd41a842f5d_B_2020-10-21_10-24.png
280,b,6,Rocket,19.0,prototype,imagesV2/1077/rgb_820b0870-b586-45b8-9a1e-fdd41a842f5d_B_2020-10-21_10-24.png
281,b,4,Basil,10.0,prototype,imagesV2/1077/rgb_820b0870-b586-45b8-9a1e-fdd41a842f5d_B_2020-10-29_13-21.png
282,b,9,Basil,10.0,prototype,imagesV2/1077/rgb_820b0870-b586-45b8-9a1e-fdd41a842f5d_B_2020-10-29_13-21.png
283,b,4,Rocket,19.0,layout_8,imagesV2/1101/rgb_09ef2ce0-2f99-45cf-8cb5-99550fca494f_B_2020-09-29_10-01.png
284,b,7,Rocket,19.0,layout_8,imagesV2/1101/rgb_09ef2ce0-2f99-45cf-8cb5-99550fca494f_B_2020-09-29_10-01.png
285,a,4,Basil,10.0,prototype,imagesV2/1062/rgb_26b03d30-3a9d-4460-a0cb-7ef5c1d5dec8_A_2020-08-05_09-48.png
286,b,6,Basil,10.0,layout_8,imagesV2/1062/rgb_26b03d30-3a9d-4460-a0cb-7ef5c1d5dec8_B_2020-08-05_09-48.png
287,a,3,Romaine,42.0,layout_8,imagesV2/1063/rgb_b637f6a6-b6e2-486c-86db-cc431d0b2a58_A_2020-07-31_09-58.png
288,b,3,Romaine,42.0,prototype,imagesV2/1063/rgb_b637f6a6-b6e2-486c-86db-cc431d0b2a58_B_2020-07-31_09-57.png
289,a,7,Romaine,42.0,layout_8,imagesV2/1063/rgb_b637f6a6-b6e2-486c-86db-cc431d0b2a58_A_2020-07-31_09-58.png
290,b,7,Romaine,42.0,prototype,imagesV2/1063/rgb_b637f6a6-b6e2-486c-86db-cc431d0b2a58_B_2020-07-31_09-57.png
291,a,6,Rocket,19.0,prototype,imagesV2/1068/rgb_07b17561-3b04-4094-a8ab-2f67315adfdd_A_2020-08-12_13-47.png
292,a,2,Rocket,19.0,prototype,imagesV2/1068/rgb_07b17561-3b04-4094-a8ab-2f67315adfdd_A_2020-08-12_13-47.png
293,a,3,Rocket,19.0,prototype,imagesV2/1068/rgb_07b17561-3b04-4094-a8ab-2f67315adfdd_A_2020-08-12_13-47.png
294,b,6,Rocket,19.0,prototype,imagesV2/1068/rgb_07b17561-3b04-4094-a8ab-2f67315adfdd_B_2020-08-12_13-47.png
295,b,3,Rocket,19.0,prototype,imagesV2/1068/rgb_07b17561-3b04-4094-a8ab-2f67315adfdd_B_2020-08-12_13-47.png
296,a,6,Rocket,19.0,prototype,imagesV2/1069/rgb_eac52b39-02c0-4a7a-a9e5-010709ee15c8_A_2020-08-12_13-44.png
297,a,2,Rocket,19.0,prototype,imagesV2/1069/rgb_eac52b39-02c0-4a7a-a9e5-010709ee15c8_A_2020-08-12_13-44.png
298,a,3,Rocket,19.0,prototype,imagesV2/1069/rgb_eac52b39-02c0-4a7a-a9e5-010709ee15c8_A_2020-08-12_13-44.png
299,b,6,Rocket,19.0,prototype,imagesV2/1069/rgb_eac52b39-02c0-4a7a-a9e5-010709ee15c8_B_2020-08-12_13-43.png
300,b,3,Rocket,19.0,prototype,imagesV2/1069/rgb_eac52b39-02c0-4a7a-a9e5-010709ee15c8_B_2020-08-12_13-43.png
301,a,6,Rocket,19.0,prototype,imagesV2/1070/rgb_0427a2fa-8a50-4d00-ad56-6246c03ef9d0_A_2020-08-12_13-45.png
302,a,2,Rocket,19.0,prototype,imagesV2/1070/rgb_0427a2fa-8a50-4d00-ad56-6246c03ef9d0_A_2020-08-12_13-45.png
303,a,3,Rocket,19.0,prototype,imagesV2/1070/rgb_0427a2fa-8a50-4d00-ad56-6246c03ef9d0_A_2020-08-12_13-45.png
304,b,6,Rocket,19.0,prototype,imagesV2/1070/rgb_0427a2fa-8a50-4d00-ad56-6246c03ef9d0_B_2020-08-12_13-46.png
305,b,3,Rocket,19.0,prototype,imagesV2/1070/rgb_0427a2fa-8a50-4d00-ad56-6246c03ef9d0_B_2020-08-12_13-46.png
306,a,8,Romaine,42.0,prototype,imagesV2/1068/rgb_07b17561-3b04-4094-a8ab-2f67315adfdd_A_2020-08-19_10-52.png
307,a,9,Romaine,42.0,prototype,imagesV2/1068/rgb_07b17561-3b04-4094-a8ab-2f67315adfdd_A_2020-08-19_10-52.png
308,b,8,Romaine,42.0,prototype,imagesV2/1068/rgb_07b17561-3b04-4094-a8ab-2f67315adfdd_B_2020-08-19_10-52.png
309,b,9,Romaine,42.0,prototype,imagesV2/1068/rgb_07b17561-3b04-4094-a8ab-2f67315adfdd_B_2020-08-19_10-52.png
310,a,8,Romaine,42.0,prototype,imagesV2/1069/rgb_eac52b39-02c0-4a7a-a9e5-010709ee15c8_A_2020-08-19_10-53.png
311,a,9,Romaine,42.0,prototype,imagesV2/1069/rgb_eac52b39-02c0-4a7a-a9e5-010709ee15c8_A_2020-08-19_10-53.png
312,b,8,Romaine,42.0,prototype,imagesV2/1069/rgb_eac52b39-02c0-4a7a-a9e5-010709ee15c8_B_2020-08-19_10-53.png
313,b,9,Romaine,42.0,prototype,imagesV2/1069/rgb_eac52b39-02c0-4a7a-a9e5-010709ee15c8_B_2020-08-19_10-53.png
314,a,8,Romaine,42.0,prototype,imagesV2/1070/rgb_0427a2fa-8a50-4d00-ad56-6246c03ef9d0_A_2020-08-19_10-54.png
315,a,9,Romaine,42.0,prototype,imagesV2/1070/rgb_0427a2fa-8a50-4d00-ad56-6246c03ef9d0_A_2020-08-19_10-54.png
316,b,8,Romaine,42.0,prototype,imagesV2/1070/rgb_0427a2fa-8a50-4d00-ad56-6246c03ef9d0_B_2020-08-19_10-54.png
317,b,9,Romaine,42.0,prototype,imagesV2/1070/rgb_0427a2fa-8a50-4d00-ad56-6246c03ef9d0_B_2020-08-19_10-54.png
318,a,4,Basil,10.0,prototype,imagesV2/1068/rgb_07b17561-3b04-4094-a8ab-2f67315adfdd_A_2020-08-21_09-41.png
319,a,1,Basil,10.0,prototype,imagesV2/1068/rgb_07b17561-3b04-4094-a8ab-2f67315adfdd_A_2020-08-21_09-41.png
320,b,4,Basil,10.0,prototype,imagesV2/1068/rgb_07b17561-3b04-4094-a8ab-2f67315adfdd_B_2020-08-21_09-42.png
321,b,1,Basil,10.0,prototype,imagesV2/1068/rgb_07b17561-3b04-4094-a8ab-2f67315adfdd_B_2020-08-21_09-42.png
322,b,2,Basil,10.0,prototype,imagesV2/1068/rgb_07b17561-3b04-4094-a8ab-2f67315adfdd_B_2020-08-21_09-42.png
323,a,4,Basil,10.0,prototype,imagesV2/1069/rgb_eac52b39-02c0-4a7a-a9e5-010709ee15c8_A_2020-08-21_09-43.png
324,a,1,Basil,10.0,prototype,imagesV2/1069/rgb_eac52b39-02c0-4a7a-a9e5-010709ee15c8_A_2020-08-21_09-43.png
325,b,4,Basil,10.0,prototype,imagesV2/1069/rgb_eac52b39-02c0-4a7a-a9e5-010709ee15c8_B_2020-08-21_09-43.png
326,b,1,Basil,10.0,prototype,imagesV2/1069/rgb_eac52b39-02c0-4a7a-a9e5-010709ee15c8_B_2020-08-21_09-43.png
327,b,2,Basil,10.0,prototype,imagesV2/1069/rgb_eac52b39-02c0-4a7a-a9e5-010709ee15c8_B_2020-08-21_09-43.png
328,a,4,Basil,10.0,prototype,imagesV2/1070/rgb_0427a2fa-8a50-4d00-ad56-6246c03ef9d0_A_2020-08-21_09-45.png
329,a,1,Basil,10.0,prototype,imagesV2/1070/rgb_0427a2fa-8a50-4d00-ad56-6246c03ef9d0_A_2020-08-21_09-45.png
330,b,4,Basil,10.0,prototype,imagesV2/1070/rgb_0427a2fa-8a50-4d00-ad56-6246c03ef9d0_B_2020-08-21_09-44.png
331,b,1,Basil,10.0,prototype,imagesV2/1070/rgb_0427a2fa-8a50-4d00-ad56-6246c03ef9d0_B_2020-08-21_09-44.png
332,b,2,Basil,10.0,prototype,imagesV2/1070/rgb_0427a2fa-8a50-4d00-ad56-6246c03ef9d0_B_2020-08-21_09-44.png
333,a,3,Rocket,19.0,prototype,imagesV2/1090/rgb_1c3ab965-192f-4ecd-9093-4ce06fe22c2f_A_2020-09-09_15-51.png
334,a,6,Rocket,19.0,prototype,imagesV2/1090/rgb_1c3ab965-192f-4ecd-9093-4ce06fe22c2f_A_2020-09-09_15-51.png
335,b,3,Rocket,19.0,prototype,imagesV2/1090/rgb_1c3ab965-192f-4ecd-9093-4ce06fe22c2f_B_2020-09-09_15-51.png
336,b,6,Rocket,19.0,prototype,imagesV2/1090/rgb_1c3ab965-192f-4ecd-9093-4ce06fe22c2f_B_2020-09-09_15-51.png
337,a,8,Romaine,42.0,prototype,imagesV2/1090/rgb_1c3ab965-192f-4ecd-9093-4ce06fe22c2f_A_2020-09-16_10-16.png
338,a,9,Romaine,42.0,prototype,imagesV2/1090/rgb_1c3ab965-192f-4ecd-9093-4ce06fe22c2f_A_2020-09-16_10-16.png
339,b,8,Romaine,42.0,prototype,imagesV2/1090/rgb_1c3ab965-192f-4ecd-9093-4ce06fe22c2f_B_2020-09-16_10-16.png
340,b,9,Romaine,42.0,prototype,imagesV2/1090/rgb_1c3ab965-192f-4ecd-9093-4ce06fe22c2f_B_2020-09-16_10-16.png
341,a,2,Rocket,19.0,prototype,imagesV2/1089/rgb_07b17561-3b04-4094-a8ab-2f67315adfdd_A_2020-09-11_09-48.png
342,a,7,Rocket,19.0,prototype,imagesV2/1089/rgb_07b17561-3b04-4094-a8ab-2f67315adfdd_A_2020-09-11_09-48.png
343,b,2,Rocket,19.0,prototype,imagesV2/1089/rgb_07b17561-3b04-4094-a8ab-2f67315adfdd_B_2020-09-11_09-48.png
344,b,7,Rocket,19.0,prototype,imagesV2/1089/rgb_07b17561-3b04-4094-a8ab-2f67315adfdd_B_2020-09-11_09-48.png
345,a,3,Romaine,42.0,prototype,imagesV2/1089/rgb_07b17561-3b04-4094-a8ab-2f67315adfdd_A_2020-09-17_09-29.png
346,b,3,Romaine,42.0,prototype,imagesV2/1089/rgb_07b17561-3b04-4094-a8ab-2f67315adfdd_B_2020-09-17_09-28.png
347,a,8,Romaine,42.0,prototype,imagesV2/1089/rgb_07b17561-3b04-4094-a8ab-2f67315adfdd_A_2020-09-17_09-29.png
348,b,8,Romaine,42.0,prototype,imagesV2/1089/rgb_07b17561-3b04-4094-a8ab-2f67315adfdd_B_2020-09-17_09-28.png
349,a,9,Romaine,42.0,prototype,imagesV2/1108/rgb_07b17561-3b04-4094-a8ab-2f67315adfdd_A_2020-10-21_10-03.png
350,b,9,Romaine,42.0,prototype,imagesV2/1108/rgb_07b17561-3b04-4094-a8ab-2f67315adfdd_B_2020-10-21_10-03.png
351,a,2,Rocket,19.0,prototype,imagesV2/1088/rgb_2ba34bbe-1611-4c9b-8a5e-1c802ff77768_A_2020-09-11_09-47.png
352,a,7,Rocket,19.0,prototype,imagesV2/1088/rgb_2ba34bbe-1611-4c9b-8a5e-1c802ff77768_A_2020-09-11_09-47.png
353,b,2,Rocket,19.0,prototype,imagesV2/1088/rgb_2ba34bbe-1611-4c9b-8a5e-1c802ff77768_B_2020-09-11_09-47.png
354,b,7,Rocket,19.0,prototype,imagesV2/1088/rgb_2ba34bbe-1611-4c9b-8a5e-1c802ff77768_B_2020-09-11_09-47.png
355,a,3,Romaine,42.0,prototype,imagesV2/1088/rgb_2ba34bbe-1611-4c9b-8a5e-1c802ff77768_A_2020-09-17_09-27.png
356,a,8,Romaine,42.0,prototype,imagesV2/1088/rgb_2ba34bbe-1611-4c9b-8a5e-1c802ff77768_A_2020-09-17_09-27.png
357,b,3,Romaine,42.0,prototype,imagesV2/1088/rgb_2ba34bbe-1611-4c9b-8a5e-1c802ff77768_B_2020-09-17_09-27.png
358,b,8,Romaine,42.0,prototype,imagesV2/1088/rgb_2ba34bbe-1611-4c9b-8a5e-1c802ff77768_B_2020-09-17_09-27.png
359,a,8,Basil,10.0,layout_8,imagesV2/1102/rgb_5b23e086-1365-48a2-af39-defa77768aa5_A_2020-09-29_10-07.png
360,a,8,Basil,10.0,layout_8,imagesV2/1102/rgb_5b23e086-1365-48a2-af39-defa77768aa5_A_2020-10-05_09-48.png
361,a,8,Basil,10.0,layout_8,imagesV2/1102/rgb_5b23e086-1365-48a2-af39-defa77768aa5_A_2020-10-21_10-21.png
362,a,8,Basil,10.0,layout_8,imagesV2/1103/rgb_7d53b428-7777-47f0-9605-01ac8bda96f4_A_2020-09-29_10-06.png
363,a,8,Basil,10.0,layout_8,imagesV2/1103/rgb_7d53b428-7777-47f0-9605-01ac8bda96f4_A_2020-10-05_09-48.png
364,b,1,Basil,10.0,layout_8,imagesV2/1104/rgb_eac52b39-02c0-4a7a-a9e5-010709ee15c8_B_2020-09-29_10-03.png
365,b,1,Basil,10.0,layout_8,imagesV2/1104/rgb_eac52b39-02c0-4a7a-a9e5-010709ee15c8_B_2020-10-05_09-46.png
366,b,1,Basil,10.0,layout_8,imagesV2/1104/rgb_eac52b39-02c0-4a7a-a9e5-010709ee15c8_B_2020-10-21_10-14.png
367,b,2,Basil,10.0,layout_8,imagesV2/1104/rgb_eac52b39-02c0-4a7a-a9e5-010709ee15c8_B_2020-09-29_10-03.png
368,b,2,Basil,10.0,layout_8,imagesV2/1104/rgb_eac52b39-02c0-4a7a-a9e5-010709ee15c8_B_2020-10-05_09-46.png
369,b,2,Basil,10.0,layout_8,imagesV2/1104/rgb_eac52b39-02c0-4a7a-a9e5-010709ee15c8_B_2020-10-21_10-14.png
370,b,3,Basil,10.0,layout_8,imagesV2/1104/rgb_eac52b39-02c0-4a7a-a9e5-010709ee15c8_B_2020-09-29_10-03.png
371,b,3,Basil,10.0,layout_8,imagesV2/1104/rgb_eac52b39-02c0-4a7a-a9e5-010709ee15c8_B_2020-10-05_09-46.png
372,b,3,Basil,10.0,layout_8,imagesV2/1104/rgb_eac52b39-02c0-4a7a-a9e5-010709ee15c8_B_2020-10-23_09-56.png
373,b,4,Basil,10.0,layout_8,imagesV2/1104/rgb_eac52b39-02c0-4a7a-a9e5-010709ee15c8_B_2020-09-29_10-03.png
374,b,4,Basil,10.0,layout_8,imagesV2/1104/rgb_eac52b39-02c0-4a7a-a9e5-010709ee15c8_B_2020-10-05_09-46.png
375,b,4,Basil,10.0,layout_8,imagesV2/1104/rgb_eac52b39-02c0-4a7a-a9e5-010709ee15c8_B_2020-10-26_13-39.png
376,b,6,Basil,10.0,layout_8,imagesV2/1104/rgb_eac52b39-02c0-4a7a-a9e5-010709ee15c8_B_2020-09-29_10-03.png
377,b,6,Basil,10.0,layout_8,imagesV2/1104/rgb_eac52b39-02c0-4a7a-a9e5-010709ee15c8_B_2020-10-05_09-46.png
378,b,6,Basil,10.0,layout_8,imagesV2/1104/rgb_eac52b39-02c0-4a7a-a9e5-010709ee15c8_B_2020-10-23_09-56.png
379,b,7,Basil,10.0,layout_8,imagesV2/1104/rgb_eac52b39-02c0-4a7a-a9e5-010709ee15c8_B_2020-09-29_10-03.png
380,b,7,Basil,10.0,layout_8,imagesV2/1104/rgb_eac52b39-02c0-4a7a-a9e5-010709ee15c8_B_2020-10-05_09-46.png
381,b,7,Basil,10.0,layout_8,imagesV2/1104/rgb_eac52b39-02c0-4a7a-a9e5-010709ee15c8_B_2020-10-26_13-39.png
382,b,8,Basil,10.0,layout_8,imagesV2/1104/rgb_eac52b39-02c0-4a7a-a9e5-010709ee15c8_B_2020-09-29_10-03.png
383,b,8,Basil,10.0,layout_8,imagesV2/1104/rgb_eac52b39-02c0-4a7a-a9e5-010709ee15c8_B_2020-10-05_09-46.png
384,b,8,Basil,10.0,layout_8,imagesV2/1104/rgb_eac52b39-02c0-4a7a-a9e5-010709ee15c8_B_2020-10-28_09-21.png
385,b,9,Basil,10.0,layout_8,imagesV2/1104/rgb_eac52b39-02c0-4a7a-a9e5-010709ee15c8_B_2020-09-29_10-03.png
386,b,9,Basil,10.0,layout_8,imagesV2/1104/rgb_eac52b39-02c0-4a7a-a9e5-010709ee15c8_B_2020-10-05_09-46.png
387,b,9,Basil,10.0,layout_8,imagesV2/1104/rgb_eac52b39-02c0-4a7a-a9e5-010709ee15c8_B_2020-10-28_09-21.png
388,a,9,Basil,10.0,layout_8,imagesV2/1083/rgb_b4bd9d55-64c3-402a-800d-af2c618a4133_A_2020-09-16_10-23.png
389,a,9,Basil,10.0,layout_8,imagesV2/1085/rgb_7d53b428-7777-47f0-9605-01ac8bda96f4_A_2020-09-16_10-25.png
390,a,9,Basil,10.0,layout_8,imagesV2/1086/rgb_5b23e086-1365-48a2-af39-defa77768aa5_A_2020-09-16_10-25.png
391,b,1,Rocket,19.0,layout_9,imagesV2/1110/rgb_5a9039ae-957b-42b2-9d09-3baf73cf0020_B_2020-10-15_13-43.png
392,b,2,Rocket,19.0,layout_9,imagesV2/1110/rgb_5a9039ae-957b-42b2-9d09-3baf73cf0020_B_2020-10-15_13-43.png
393,b,3,Romaine,42.0,layout_9,imagesV2/1110/rgb_5a9039ae-957b-42b2-9d09-3baf73cf0020_B_2020-10-15_13-43.png
394,b,6,Romaine,42.0,layout_9,imagesV2/1110/rgb_5a9039ae-957b-42b2-9d09-3baf73cf0020_B_2020-10-15_13-43.png
395,b,1,Rocket,19.0,layout_9,imagesV2/1110/rgb_5a9039ae-957b-42b2-9d09-3baf73cf0020_B_2020-11-03_10-46.png
396,b,2,Rocket,19.0,layout_9,imagesV2/1110/rgb_5a9039ae-957b-42b2-9d09-3baf73cf0020_B_2020-11-03_10-46.png
397,b,3,Romaine,42.0,layout_9,imagesV2/1110/rgb_5a9039ae-957b-42b2-9d09-3baf73cf0020_B_2020-11-03_10-46.png
398,b,6,Romaine,42.0,layout_9,imagesV2/1110/rgb_5a9039ae-957b-42b2-9d09-3baf73cf0020_B_2020-11-03_10-46.png
399,a,7,Rocket,19.0,layout_9,imagesV2/1040/rgb_eac52b39-02c0-4a7a-a9e5-010709ee15c8_A_2020-07-21_09-54.png
400,a,8,Rocket,19.0,layout_9,imagesV2/1040/rgb_eac52b39-02c0-4a7a-a9e5-010709ee15c8_A_2020-07-21_09-54.png
401,a,9,Rocket,19.0,layout_9,imagesV2/1040/rgb_eac52b39-02c0-4a7a-a9e5-010709ee15c8_A_2020-07-21_09-54.png
402,a,4,Rocket,19.0,layout_9,imagesV2/1040/rgb_eac52b39-02c0-4a7a-a9e5-010709ee15c8_A_2020-07-21_09-54.png
403,a,6,Rocket,19.0,layout_9,imagesV2/1040/rgb_eac52b39-02c0-4a7a-a9e5-010709ee15c8_A_2020-07-21_09-54.png
404,a,1,Rocket,19.0,layout_9,imagesV2/1040/rgb_eac52b39-02c0-4a7a-a9e5-010709ee15c8_A_2020-07-21_09-54.png
405,a,2,Rocket,19.0,layout_9,imagesV2/1040/rgb_eac52b39-02c0-4a7a-a9e5-010709ee15c8_A_2020-07-21_09-54.png
406,a,3,Rocket,19.0,layout_9,imagesV2/1040/rgb_eac52b39-02c0-4a7a-a9e5-010709ee15c8_A_2020-07-21_09-54.png
407,b,7,Rocket,19.0,layout_9,imagesV2/1040/rgb_eac52b39-02c0-4a7a-a9e5-010709ee15c8_B_2020-07-21_09-55.png
408,b,8,Rocket,19.0,layout_9,imagesV2/1040/rgb_eac52b39-02c0-4a7a-a9e5-010709ee15c8_B_2020-07-21_09-55.png
409,b,9,Rocket,19.0,layout_9,imagesV2/1040/rgb_eac52b39-02c0-4a7a-a9e5-010709ee15c8_B_2020-07-21_09-55.png
410,b,4,Rocket,19.0,layout_9,imagesV2/1040/rgb_eac52b39-02c0-4a7a-a9e5-010709ee15c8_B_2020-07-21_09-55.png
411,b,6,Rocket,19.0,layout_9,imagesV2/1040/rgb_eac52b39-02c0-4a7a-a9e5-010709ee15c8_B_2020-07-21_09-55.png
412,b,1,Rocket,19.0,layout_9,imagesV2/1040/rgb_eac52b39-02c0-4a7a-a9e5-010709ee15c8_B_2020-07-21_09-55.png
413,b,2,Rocket,19.0,layout_9,imagesV2/1040/rgb_eac52b39-02c0-4a7a-a9e5-010709ee15c8_B_2020-07-21_09-55.png
414,b,3,Rocket,19.0,layout_9,imagesV2/1040/rgb_eac52b39-02c0-4a7a-a9e5-010709ee15c8_B_2020-07-21_09-55.png
415,a,7,Rocket,19.0,layout_9,imagesV2/1060/rgb_0427a2fa-8a50-4d00-ad56-6246c03ef9d0_A_2020-07-21_09-55.png
416,a,8,Rocket,19.0,layout_9,imagesV2/1060/rgb_0427a2fa-8a50-4d00-ad56-6246c03ef9d0_A_2020-07-21_09-55.png
417,a,9,Rocket,19.0,layout_9,imagesV2/1060/rgb_0427a2fa-8a50-4d00-ad56-6246c03ef9d0_A_2020-07-21_09-55.png
418,a,4,Rocket,19.0,layout_9,imagesV2/1060/rgb_0427a2fa-8a50-4d00-ad56-6246c03ef9d0_A_2020-07-21_09-55.png
419,a,6,Rocket,19.0,layout_9,imagesV2/1060/rgb_0427a2fa-8a50-4d00-ad56-6246c03ef9d0_A_2020-07-21_09-55.png
420,a,1,Rocket,19.0,layout_9,imagesV2/1060/rgb_0427a2fa-8a50-4d00-ad56-6246c03ef9d0_A_2020-07-21_09-55.png
421,a,2,Rocket,19.0,layout_9,imagesV2/1060/rgb_0427a2fa-8a50-4d00-ad56-6246c03ef9d0_A_2020-07-21_09-55.png
422,a,3,Rocket,19.0,layout_9,imagesV2/1060/rgb_0427a2fa-8a50-4d00-ad56-6246c03ef9d0_A_2020-07-21_09-55.png
423,b,7,Rocket,19.0,layout_9,imagesV2/1060/rgb_0427a2fa-8a50-4d00-ad56-6246c03ef9d0_B_2020-07-21_09-56.png
424,b,8,Rocket,19.0,layout_9,imagesV2/1060/rgb_0427a2fa-8a50-4d00-ad56-6246c03ef9d0_B_2020-07-21_09-56.png
425,b,9,Rocket,19.0,layout_9,imagesV2/1060/rgb_0427a2fa-8a50-4d00-ad56-6246c03ef9d0_B_2020-07-21_09-56.png
426,b,4,Rocket,19.0,layout_9,imagesV2/1060/rgb_0427a2fa-8a50-4d00-ad56-6246c03ef9d0_B_2020-07-21_09-56.png
427,b,6,Rocket,19.0,layout_9,imagesV2/1060/rgb_0427a2fa-8a50-4d00-ad56-6246c03ef9d0_B_2020-07-21_09-56.png
428,b,1,Rocket,19.0,layout_9,imagesV2/1060/rgb_0427a2fa-8a50-4d00-ad56-6246c03ef9d0_B_2020-07-21_09-56.png
429,b,2,Rocket,19.0,layout_9,imagesV2/1060/rgb_0427a2fa-8a50-4d00-ad56-6246c03ef9d0_B_2020-07-21_09-56.png
430,b,3,Rocket,19.0,layout_9,imagesV2/1060/rgb_0427a2fa-8a50-4d00-ad56-6246c03ef9d0_B_2020-07-21_09-56.png
431,a,7,Rocket,19.0,layout_9,imagesV2/1042/rgb_b4bd9d55-64c3-402a-800d-af2c618a4133_A_2020-07-20_09-43.png
432,a,8,Rocket,19.0,layout_9,imagesV2/1042/rgb_b4bd9d55-64c3-402a-800d-af2c618a4133_A_2020-07-20_09-43.png
433,a,9,Rocket,19.0,layout_9,imagesV2/1042/rgb_b4bd9d55-64c3-402a-800d-af2c618a4133_A_2020-07-20_09-43.png
434,a,4,Rocket,19.0,layout_9,imagesV2/1042/rgb_b4bd9d55-64c3-402a-800d-af2c618a4133_A_2020-07-20_09-43.png
435,a,6,Rocket,19.0,layout_9,imagesV2/1042/rgb_b4bd9d55-64c3-402a-800d-af2c618a4133_A_2020-07-20_09-43.png
436,a,1,Rocket,19.0,layout_9,imagesV2/1042/rgb_b4bd9d55-64c3-402a-800d-af2c618a4133_A_2020-07-20_09-43.png
437,a,2,Rocket,19.0,layout_9,imagesV2/1042/rgb_b4bd9d55-64c3-402a-800d-af2c618a4133_A_2020-07-20_09-43.png
438,a,3,Rocket,19.0,layout_9,imagesV2/1042/rgb_b4bd9d55-64c3-402a-800d-af2c618a4133_A_2020-07-20_09-43.png
439,b,7,Rocket,19.0,layout_9,imagesV2/1042/rgb_b4bd9d55-64c3-402a-800d-af2c618a4133_B_2020-07-20_09-43.png
440,b,8,Rocket,19.0,layout_9,imagesV2/1042/rgb_b4bd9d55-64c3-402a-800d-af2c618a4133_B_2020-07-20_09-43.png
441,b,9,Rocket,19.0,layout_9,imagesV2/1042/rgb_b4bd9d55-64c3-402a-800d-af2c618a4133_B_2020-07-20_09-43.png
442,b,4,Rocket,19.0,layout_9,imagesV2/1042/rgb_b4bd9d55-64c3-402a-800d-af2c618a4133_B_2020-07-20_09-43.png
443,b,6,Rocket,19.0,layout_9,imagesV2/1042/rgb_b4bd9d55-64c3-402a-800d-af2c618a4133_B_2020-07-20_09-43.png
444,b,1,Rocket,19.0,layout_9,imagesV2/1042/rgb_b4bd9d55-64c3-402a-800d-af2c618a4133_B_2020-07-20_09-43.png
445,b,2,Rocket,19.0,layout_9,imagesV2/1042/rgb_b4bd9d55-64c3-402a-800d-af2c618a4133_B_2020-07-20_09-43.png
446,b,3,Rocket,19.0,layout_9,imagesV2/1042/rgb_b4bd9d55-64c3-402a-800d-af2c618a4133_B_2020-07-20_09-43.png
447,a,7,Romaine,42.0,layout_9,imagesV2/1046/rgb_07febd91-f809-4f68-b3fc-c3c24decafdf_A_2020-07-27_09-43.png
448,a,8,Romaine,42.0,layout_9,imagesV2/1046/rgb_07febd91-f809-4f68-b3fc-c3c24decafdf_A_2020-07-27_09-43.png
449,a,9,Romaine,42.0,layout_9,imagesV2/1046/rgb_07febd91-f809-4f68-b3fc-c3c24decafdf_A_2020-07-27_09-43.png
450,a,4,Romaine,42.0,layout_9,imagesV2/1046/rgb_07febd91-f809-4f68-b3fc-c3c24decafdf_A_2020-07-27_09-43.png
451,a,6,Romaine,42.0,layout_9,imagesV2/1046/rgb_07febd91-f809-4f68-b3fc-c3c24decafdf_A_2020-07-27_09-43.png
452,a,1,Romaine,42.0,layout_9,imagesV2/1046/rgb_07febd91-f809-4f68-b3fc-c3c24decafdf_A_2020-07-27_09-43.png
453,a,2,Romaine,42.0,layout_9,imagesV2/1046/rgb_07febd91-f809-4f68-b3fc-c3c24decafdf_A_2020-07-27_09-43.png
454,a,3,Romaine,42.0,layout_9,imagesV2/1046/rgb_07febd91-f809-4f68-b3fc-c3c24decafdf_A_2020-07-27_09-43.png
455,b,7,Romaine,42.0,layout_9,imagesV2/1046/rgb_07febd91-f809-4f68-b3fc-c3c24decafdf_B_2020-07-27_09-43.png
456,b,8,Romaine,42.0,layout_9,imagesV2/1046/rgb_07febd91-f809-4f68-b3fc-c3c24decafdf_B_2020-07-27_09-43.png
457,b,9,Romaine,42.0,layout_9,imagesV2/1046/rgb_07febd91-f809-4f68-b3fc-c3c24decafdf_B_2020-07-27_09-43.png
458,b,4,Romaine,42.0,layout_9,imagesV2/1046/rgb_07febd91-f809-4f68-b3fc-c3c24decafdf_B_2020-07-27_09-43.png
459,b,6,Romaine,42.0,layout_9,imagesV2/1046/rgb_07febd91-f809-4f68-b3fc-c3c24decafdf_B_2020-07-27_09-43.png
460,b,1,Romaine,42.0,layout_9,imagesV2/1046/rgb_07febd91-f809-4f68-b3fc-c3c24decafdf_B_2020-07-27_09-43.png
461,b,2,Romaine,42.0,layout_9,imagesV2/1046/rgb_07febd91-f809-4f68-b3fc-c3c24decafdf_B_2020-07-27_09-43.png
462,b,3,Romaine,42.0,layout_9,imagesV2/1046/rgb_07febd91-f809-4f68-b3fc-c3c24decafdf_B_2020-07-27_09-43.png
463,a,7,Romaine,42.0,layout_9,imagesV2/1047/rgb_b0d61df9-57a0-41cc-9790-3a86f016a28f_A_2020-07-27_09-44.png
464,a,8,Romaine,42.0,layout_9,imagesV2/1047/rgb_b0d61df9-57a0-41cc-9790-3a86f016a28f_A_2020-07-27_09-44.png
465,a,9,Romaine,42.0,layout_9,imagesV2/1047/rgb_b0d61df9-57a0-41cc-9790-3a86f016a28f_A_2020-07-27_09-44.png
466,a,4,Romaine,42.0,layout_9,imagesV2/1047/rgb_b0d61df9-57a0-41cc-9790-3a86f016a28f_A_2020-07-27_09-44.png
467,a,6,Romaine,42.0,layout_9,imagesV2/1047/rgb_b0d61df9-57a0-41cc-9790-3a86f016a28f_A_2020-07-27_09-44.png
468,a,1,Romaine,42.0,layout_9,imagesV2/1047/rgb_b0d61df9-57a0-41cc-9790-3a86f016a28f_A_2020-07-27_09-44.png
469,a,2,Romaine,42.0,layout_9,imagesV2/1047/rgb_b0d61df9-57a0-41cc-9790-3a86f016a28f_A_2020-07-27_09-44.png
470,a,3,Romaine,42.0,layout_9,imagesV2/1047/rgb_b0d61df9-57a0-41cc-9790-3a86f016a28f_A_2020-07-27_09-44.png
471,b,7,Romaine,42.0,layout_9,imagesV2/1047/rgb_b0d61df9-57a0-41cc-9790-3a86f016a28f_B_2020-07-27_09-44.png
472,b,8,Romaine,42.0,layout_9,imagesV2/1047/rgb_b0d61df9-57a0-41cc-9790-3a86f016a28f_B_2020-07-27_09-44.png
473,b,9,Romaine,42.0,layout_9,imagesV2/1047/rgb_b0d61df9-57a0-41cc-9790-3a86f016a28f_B_2020-07-27_09-44.png
474,b,4,Romaine,42.0,layout_9,imagesV2/1047/rgb_b0d61df9-57a0-41cc-9790-3a86f016a28f_B_2020-07-27_09-44.png
475,b,6,Romaine,42.0,layout_9,imagesV2/1047/rgb_b0d61df9-57a0-41cc-9790-3a86f016a28f_B_2020-07-27_09-44.png
476,b,1,Romaine,42.0,layout_9,imagesV2/1047/rgb_b0d61df9-57a0-41cc-9790-3a86f016a28f_B_2020-07-27_09-44.png
477,b,2,Romaine,42.0,layout_9,imagesV2/1047/rgb_b0d61df9-57a0-41cc-9790-3a86f016a28f_B_2020-07-27_09-44.png
478,b,3,Romaine,42.0,layout_9,imagesV2/1047/rgb_b0d61df9-57a0-41cc-9790-3a86f016a28f_B_2020-07-27_09-44.png
479,a,7,Romaine,42.0,layout_9,imagesV2/1048/rgb_510d7df1-234c-46f8-a153-ec792edc93b1_A_2020-07-27_09-46.png
480,a,8,Romaine,42.0,layout_9,imagesV2/1048/rgb_510d7df1-234c-46f8-a153-ec792edc93b1_A_2020-07-27_09-46.png
481,a,9,Romaine,42.0,layout_9,imagesV2/1048/rgb_510d7df1-234c-46f8-a153-ec792edc93b1_A_2020-07-27_09-46.png
482,a,4,Romaine,42.0,layout_9,imagesV2/1048/rgb_510d7df1-234c-46f8-a153-ec792edc93b1_A_2020-07-27_09-46.png
483,a,6,Romaine,42.0,layout_9,imagesV2/1048/rgb_510d7df1-234c-46f8-a153-ec792edc93b1_A_2020-07-27_09-46.png
484,a,1,Romaine,42.0,layout_9,imagesV2/1048/rgb_510d7df1-234c-46f8-a153-ec792edc93b1_A_2020-07-27_09-46.png
485,a,2,Romaine,42.0,layout_9,imagesV2/1048/rgb_510d7df1-234c-46f8-a153-ec792edc93b1_A_2020-07-27_09-46.png
486,a,3,Romaine,42.0,layout_9,imagesV2/1048/rgb_510d7df1-234c-46f8-a153-ec792edc93b1_A_2020-07-27_09-46.png
487,b,7,Romaine,42.0,layout_9,imagesV2/1048/rgb_510d7df1-234c-46f8-a153-ec792edc93b1_B_2020-07-27_09-45.png
488,b,8,Romaine,42.0,layout_9,imagesV2/1048/rgb_510d7df1-234c-46f8-a153-ec792edc93b1_B_2020-07-27_09-45.png
489,b,9,Romaine,42.0,layout_9,imagesV2/1048/rgb_510d7df1-234c-46f8-a153-ec792edc93b1_B_2020-07-27_09-45.png
490,b,4,Romaine,42.0,layout_9,imagesV2/1048/rgb_510d7df1-234c-46f8-a153-ec792edc93b1_B_2020-07-27_09-45.png
491,b,6,Romaine,42.0,layout_9,imagesV2/1048/rgb_510d7df1-234c-46f8-a153-ec792edc93b1_B_2020-07-27_09-45.png
492,b,1,Romaine,42.0,layout_9,imagesV2/1048/rgb_510d7df1-234c-46f8-a153-ec792edc93b1_B_2020-07-27_09-45.png
493,b,2,Romaine,42.0,layout_9,imagesV2/1048/rgb_510d7df1-234c-46f8-a153-ec792edc93b1_B_2020-07-27_09-45.png
494,b,3,Romaine,42.0,layout_9,imagesV2/1048/rgb_510d7df1-234c-46f8-a153-ec792edc93b1_B_2020-07-27_09-45.png
495,a,7,Basil,10.0,layout_9,imagesV2/1043/rgb_7d53b428-7777-47f0-9605-01ac8bda96f4_A_2020-07-29_09-14.png
496,a,8,Basil,10.0,layout_9,imagesV2/1043/rgb_7d53b428-7777-47f0-9605-01ac8bda96f4_A_2020-07-29_09-14.png
497,a,9,Basil,10.0,layout_9,imagesV2/1043/rgb_7d53b428-7777-47f0-9605-01ac8bda96f4_A_2020-07-29_09-14.png
498,a,4,Basil,10.0,layout_9,imagesV2/1043/rgb_7d53b428-7777-47f0-9605-01ac8bda96f4_A_2020-07-29_09-14.png
499,a,6,Basil,10.0,layout_9,imagesV2/1043/rgb_7d53b428-7777-47f0-9605-01ac8bda96f4_A_2020-07-29_09-14.png
500,a,1,Basil,10.0,layout_9,imagesV2/1043/rgb_7d53b428-7777-47f0-9605-01ac8bda96f4_A_2020-07-29_09-14.png
501,a,2,Basil,10.0,layout_9,imagesV2/1043/rgb_7d53b428-7777-47f0-9605-01ac8bda96f4_A_2020-07-29_09-14.png
502,a,3,Basil,10.0,layout_9,imagesV2/1043/rgb_7d53b428-7777-47f0-9605-01ac8bda96f4_A_2020-07-29_09-14.png
503,b,7,Basil,10.0,layout_9,imagesV2/1043/rgb_7d53b428-7777-47f0-9605-01ac8bda96f4_B_2020-07-29_09-14.png
504,b,8,Basil,10.0,layout_9,imagesV2/1043/rgb_7d53b428-7777-47f0-9605-01ac8bda96f4_B_2020-07-29_09-14.png
505,b,9,Basil,10.0,layout_9,imagesV2/1043/rgb_7d53b428-7777-47f0-9605-01ac8bda96f4_B_2020-07-29_09-14.png
506,b,4,Basil,10.0,layout_9,imagesV2/1043/rgb_7d53b428-7777-47f0-9605-01ac8bda96f4_B_2020-07-29_09-14.png
507,b,6,Basil,10.0,layout_9,imagesV2/1043/rgb_7d53b428-7777-47f0-9605-01ac8bda96f4_B_2020-07-29_09-14.png
508,b,1,Basil,10.0,layout_9,imagesV2/1043/rgb_7d53b428-7777-47f0-9605-01ac8bda96f4_B_2020-07-29_09-14.png
509,b,2,Basil,10.0,layout_9,imagesV2/1043/rgb_7d53b428-7777-47f0-9605-01ac8bda96f4_B_2020-07-29_09-14.png
510,b,3,Basil,10.0,layout_9,imagesV2/1043/rgb_7d53b428-7777-47f0-9605-01ac8bda96f4_B_2020-07-29_09-14.png
511,a,7,Basil,10.0,layout_9,imagesV2/1044/rgb_5b23e086-1365-48a2-af39-defa77768aa5_A_2020-07-29_09-15.png
512,a,8,Basil,10.0,layout_9,imagesV2/1044/rgb_5b23e086-1365-48a2-af39-defa77768aa5_A_2020-07-29_09-15.png
513,a,9,Basil,10.0,layout_9,imagesV2/1044/rgb_5b23e086-1365-48a2-af39-defa77768aa5_A_2020-07-29_09-15.png
514,a,4,Basil,10.0,layout_9,imagesV2/1044/rgb_5b23e086-1365-48a2-af39-defa77768aa5_A_2020-07-29_09-15.png
515,a,6,Basil,10.0,layout_9,imagesV2/1044/rgb_5b23e086-1365-48a2-af39-defa77768aa5_A_2020-07-29_09-15.png
516,a,1,Basil,10.0,layout_9,imagesV2/1044/rgb_5b23e086-1365-48a2-af39-defa77768aa5_A_2020-07-29_09-15.png
517,a,2,Basil,10.0,layout_9,imagesV2/1044/rgb_5b23e086-1365-48a2-af39-defa77768aa5_A_2020-07-29_09-15.png
518,a,3,Basil,10.0,layout_9,imagesV2/1044/rgb_5b23e086-1365-48a2-af39-defa77768aa5_A_2020-07-29_09-15.png
519,b,7,Basil,10.0,layout_9,imagesV2/1044/rgb_5b23e086-1365-48a2-af39-defa77768aa5_B_2020-07-29_09-15.png
520,b,8,Basil,10.0,layout_9,imagesV2/1044/rgb_5b23e086-1365-48a2-af39-defa77768aa5_B_2020-07-29_09-15.png
521,b,9,Basil,10.0,layout_9,imagesV2/1044/rgb_5b23e086-1365-48a2-af39-defa77768aa5_B_2020-07-29_09-15.png
522,b,4,Basil,10.0,layout_9,imagesV2/1044/rgb_5b23e086-1365-48a2-af39-defa77768aa5_B_2020-07-29_09-15.png
523,b,6,Basil,10.0,layout_9,imagesV2/1044/rgb_5b23e086-1365-48a2-af39-defa77768aa5_B_2020-07-29_09-15.png
524,b,1,Basil,10.0,layout_9,imagesV2/1044/rgb_5b23e086-1365-48a2-af39-defa77768aa5_B_2020-07-29_09-15.png
525,b,2,Basil,10.0,layout_9,imagesV2/1044/rgb_5b23e086-1365-48a2-af39-defa77768aa5_B_2020-07-29_09-15.png
526,b,3,Basil,10.0,layout_9,imagesV2/1044/rgb_5b23e086-1365-48a2-af39-defa77768aa5_B_2020-07-29_09-15.png
527,a,7,Basil,10.0,layout_9,imagesV2/1051/rgb_0b66fd54-465b-409f-838f-ca5e494e68fb_A_2020-07-29_09-12.png
528,a,8,Basil,10.0,layout_9,imagesV2/1051/rgb_0b66fd54-465b-409f-838f-ca5e494e68fb_A_2020-07-29_09-12.png
529,a,9,Basil,10.0,layout_9,imagesV2/1051/rgb_0b66fd54-465b-409f-838f-ca5e494e68fb_A_2020-07-29_09-12.png
530,a,4,Basil,10.0,layout_9,imagesV2/1051/rgb_0b66fd54-465b-409f-838f-ca5e494e68fb_A_2020-07-29_09-12.png
531,a,6,Basil,10.0,layout_9,imagesV2/1051/rgb_0b66fd54-465b-409f-838f-ca5e494e68fb_A_2020-07-29_09-12.png
532,a,1,Basil,10.0,layout_9,imagesV2/1051/rgb_0b66fd54-465b-409f-838f-ca5e494e68fb_A_2020-07-29_09-12.png
533,a,2,Basil,10.0,layout_9,imagesV2/1051/rgb_0b66fd54-465b-409f-838f-ca5e494e68fb_A_2020-07-29_09-12.png
534,a,3,Basil,10.0,layout_9,imagesV2/1051/rgb_0b66fd54-465b-409f-838f-ca5e494e68fb_A_2020-07-29_09-12.png
535,b,7,Basil,10.0,layout_9,imagesV2/1051/rgb_0b66fd54-465b-409f-838f-ca5e494e68fb_B_2020-07-29_09-13.png
536,b,8,Basil,10.0,layout_9,imagesV2/1051/rgb_0b66fd54-465b-409f-838f-ca5e494e68fb_B_2020-07-29_09-13.png
537,b,9,Basil,10.0,layout_9,imagesV2/1051/rgb_0b66fd54-465b-409f-838f-ca5e494e68fb_B_2020-07-29_09-13.png
538,b,4,Basil,10.0,layout_9,imagesV2/1051/rgb_0b66fd54-465b-409f-838f-ca5e494e68fb_B_2020-07-29_09-13.png
539,b,6,Basil,10.0,layout_9,imagesV2/1051/rgb_0b66fd54-465b-409f-838f-ca5e494e68fb_B_2020-07-29_09-13.png
540,b,1,Basil,10.0,layout_9,imagesV2/1051/rgb_0b66fd54-465b-409f-838f-ca5e494e68fb_B_2020-07-29_09-13.png
541,b,2,Basil,10.0,layout_9,imagesV2/1051/rgb_0b66fd54-465b-409f-838f-ca5e494e68fb_B_2020-07-29_09-13.png
542,b,3,Basil,10.0,layout_9,imagesV2/1051/rgb_0b66fd54-465b-409f-838f-ca5e494e68fb_B_2020-07-29_09-13.png
543,a,9,Romaine,42.0,layout_8,imagesV2/1092/rgb_d9dd3086-fe92-4cab-b235-be2b283c4999_A_2020-09-22_09-33.png
544,b,1,Romaine,42.0,layout_8,imagesV2/1092/rgb_d9dd3086-fe92-4cab-b235-be2b283c4999_B_2020-09-22_09-34.png
